TS,V,I1,W1,VA1,I2,W2,VA2
1645846887.94,121.13,13.538,1632.0,1640.0,2.983,338.0,361.0
1645846888.04,121.15,13.392,1615.0,1622.0,2.971,337.0,360.0
1645846888.14,121.15,13.493,1627.0,1635.0,2.97,336.0,360.0
1645846888.24,121.16,13.405,1617.0,1624.0,2.971,336.0,360.0
1645846888.34,121.33,13.478,1628.0,1635.0,2.973,337.0,361.0
1645846888.44,121.14,13.431,1619.0,1627.0,2.969,336.0,360.0
1645846888.54,121.13,13.436,1620.0,1628.0,2.974,337.0,360.0
1645846888.64,121.13,13.423,1618.0,1626.0,2.96,335.0,359.0
1645846888.74,121.32,13.493,1629.0,1637.0,2.973,337.0,361.0
1645846888.84,121.14,13.42,1618.0,1626.0,2.958,335.0,358.0
1645846888.94,121.15,13.498,1628.0,1635.0,2.959,335.0,358.0
1645846889.04,121.13,13.71,1653.0,1661.0,2.958,335.0,358.0
1645846889.14,121.12,13.645,1645.0,1653.0,2.951,334.0,357.0
1645846889.24,121.32,13.438,1623.0,1630.0,2.961,336.0,359.0
1645846889.34,121.14,13.485,1626.0,1634.0,2.946,333.0,357.0
1645846889.44,121.14,13.425,1619.0,1626.0,2.948,334.0,357.0
1645846889.54,121.14,13.528,1631.0,1639.0,2.953,334.0,358.0
1645846889.64,121.17,13.373,1613.0,1620.0,2.939,333.0,356.0
1645846889.74,121.33,13.508,1631.0,1639.0,2.954,335.0,358.0
1645846889.84,121.16,13.45,1622.0,1630.0,2.946,333.0,357.0
1645846889.94,121.15,13.472,1625.0,1632.0,2.955,335.0,358.0
1645846890.04,121.16,13.412,1617.0,1625.0,2.965,336.0,359.0
1645846890.14,121.15,13.465,1624.0,1631.0,2.967,337.0,360.0
1645846890.24,121.33,13.434,1622.0,1630.0,2.966,336.0,360.0
1645846890.34,121.15,13.488,1626.0,1634.0,2.965,336.0,359.0
1645846890.44,121.17,13.4,1616.0,1624.0,2.959,335.0,359.0
1645846890.54,121.16,13.463,1623.0,1631.0,2.962,336.0,359.0
1645846890.64,121.17,13.422,1619.0,1626.0,2.954,335.0,358.0
1645846890.74,121.34,13.475,1627.0,1635.0,2.968,337.0,360.0
1645846890.84,121.15,13.432,1620.0,1627.0,2.949,334.0,357.0
1645846890.94,121.17,13.457,1623.0,1631.0,2.961,335.0,359.0
1645846891.04,121.17,13.45,1622.0,1630.0,2.959,335.0,359.0
1645846891.14,121.17,13.464,1624.0,1631.0,2.951,335.0,358.0
1645846891.24,121.36,13.408,1620.0,1627.0,2.957,335.0,359.0
1645846891.34,121.18,13.464,1624.0,1632.0,2.95,334.0,357.0
1645846891.44,121.19,13.425,1619.0,1627.0,2.952,334.0,358.0
1645846891.54,121.18,13.518,1630.0,1638.0,2.955,335.0,358.0
1645846891.64,121.19,13.365,1612.0,1620.0,2.949,335.0,357.0
1645846891.74,121.37,13.445,1624.0,1632.0,2.958,336.0,359.0
1645846891.84,121.17,13.601,1640.0,1648.0,2.945,333.0,357.0
1645846891.94,121.21,13.402,1617.0,1624.0,2.951,334.0,358.0
1645846892.04,121.19,13.518,1630.0,1638.0,2.951,334.0,358.0
1645846892.14,121.19,13.476,1626.0,1633.0,2.945,334.0,357.0
1645846892.24,121.37,13.422,1622.0,1629.0,2.952,335.0,358.0
1645846892.34,121.19,13.44,1621.0,1629.0,2.954,335.0,358.0
1645846892.44,121.2,13.379,1614.0,1621.0,2.951,334.0,358.0
1645846892.54,121.18,13.492,1627.0,1635.0,2.95,334.0,358.0
1645846892.64,121.18,13.416,1618.0,1626.0,2.936,333.0,356.0
1645846892.74,121.36,13.409,1620.0,1627.0,2.952,335.0,358.0
1645846892.84,121.18,13.478,1626.0,1633.0,2.938,333.0,356.0
1645846892.94,121.18,13.466,1624.0,1632.0,2.937,332.0,356.0
1645846893.04,121.19,13.428,1620.0,1627.0,2.936,332.0,356.0
1645846893.14,121.18,13.42,1619.0,1626.0,2.926,331.0,355.0
1645846893.24,121.18,13.403,1617.0,1624.0,2.926,331.0,355.0
1645846893.34,121.34,13.493,1630.0,1637.0,2.936,333.0,356.0
1645846893.44,121.18,13.403,1617.0,1624.0,2.926,331.0,355.0
1645846893.54,121.17,13.437,1621.0,1628.0,2.934,332.0,355.0
1645846893.64,121.17,13.388,1615.0,1622.0,2.921,330.0,354.0
1645846893.74,121.17,13.454,1623.0,1630.0,2.921,331.0,354.0
1645846893.84,121.34,13.478,1628.0,1635.0,2.921,331.0,354.0
1645846893.94,121.17,13.467,1624.0,1632.0,2.92,330.0,354.0
1645846894.04,121.15,13.71,1653.0,1661.0,2.923,330.0,354.0
1645846894.14,121.15,13.637,1644.0,1652.0,2.931,332.0,355.0
1645846894.24,121.19,13.394,1616.0,1623.0,2.914,330.0,353.0
1645846894.34,121.36,13.509,1632.0,1639.0,2.932,333.0,356.0
1645846894.44,121.18,13.394,1616.0,1623.0,2.922,331.0,354.0
1645846894.54,121.17,13.502,1629.0,1636.0,2.927,331.0,355.0
1645846894.64,121.9,7.033,614.0,857.0,2.903,330.0,354.0
1645846894.74,122.12,2.549,274.0,311.0,2.925,333.0,357.0
1645846894.84,122.31,2.586,279.0,316.0,2.929,334.0,358.0
1645846894.94,122.14,2.555,276.0,312.0,2.928,334.0,358.0
1645846895.04,122.14,2.491,267.0,304.0,2.926,333.0,357.0
1645846895.14,122.12,2.574,278.0,314.0,2.938,334.0,359.0
1645846895.24,122.13,2.495,268.0,305.0,2.929,334.0,358.0
1645846895.34,122.29,2.536,273.0,310.0,2.932,335.0,359.0
1645846895.44,122.11,2.542,273.0,310.0,2.929,334.0,358.0
1645846895.54,122.13,2.509,269.0,306.0,2.927,333.0,357.0
1645846895.64,122.13,2.501,269.0,305.0,2.934,334.0,358.0
1645846895.74,122.13,2.606,281.0,318.0,2.932,334.0,358.0
1645846895.84,122.14,2.528,271.0,309.0,2.922,333.0,357.0
1645846895.94,122.33,2.546,275.0,311.0,2.932,335.0,359.0
1645846896.04,122.15,2.527,272.0,309.0,2.923,333.0,357.0
1645846896.14,122.15,2.612,282.0,319.0,2.925,333.0,357.0
1645846896.24,122.16,2.518,271.0,308.0,2.921,332.0,357.0
1645846896.34,122.16,2.528,272.0,309.0,2.921,333.0,357.0
1645846896.44,122.33,2.51,270.0,307.0,2.927,334.0,358.0
1645846896.54,122.15,2.585,279.0,316.0,2.924,333.0,357.0
1645846896.64,122.16,2.471,265.0,302.0,2.923,333.0,357.0
1645846896.74,122.15,2.546,274.0,311.0,2.931,333.0,358.0
1645846896.84,122.17,2.562,276.0,313.0,2.923,333.0,357.0
1645846896.94,122.35,2.576,279.0,315.0,2.937,335.0,359.0
1645846897.04,122.18,2.514,270.0,307.0,2.93,334.0,358.0
1645846897.14,122.17,2.575,278.0,315.0,2.935,334.0,359.0
1645846897.24,122.15,2.743,299.0,335.0,2.94,334.0,359.0
1645846897.34,122.17,2.546,274.0,311.0,2.927,333.0,358.0
1645846897.44,122.36,2.534,273.0,310.0,2.942,336.0,360.0
1645846897.54,122.17,2.573,277.0,314.0,2.936,335.0,359.0
1645846897.64,122.19,2.476,265.0,303.0,2.938,335.0,359.0
1645846897.74,122.17,2.547,274.0,311.0,2.948,336.0,360.0
1645846897.84,122.17,2.59,279.0,316.0,2.937,335.0,359.0
1645846897.94,122.35,2.548,275.0,312.0,2.945,336.0,360.0
1645846898.04,122.18,2.484,266.0,304.0,2.927,333.0,358.0
1645846898.14,122.17,2.556,276.0,312.0,2.938,335.0,359.0
1645846898.24,122.18,2.476,265.0,303.0,2.94,335.0,359.0
1645846898.34,122.18,2.577,278.0,315.0,2.935,334.0,359.0
1645846898.44,122.36,2.481,267.0,304.0,2.943,336.0,360.0
1645846898.54,122.19,2.548,275.0,311.0,2.938,335.0,359.0
1645846898.64,122.19,2.503,269.0,306.0,2.933,334.0,358.0
1645846898.74,122.18,2.537,273.0,310.0,2.94,335.0,359.0
1645846898.84,122.35,2.547,274.0,312.0,2.935,335.0,359.0
1645846898.94,122.2,2.552,275.0,312.0,2.936,334.0,359.0
1645846899.04,122.17,2.744,300.0,335.0,2.928,333.0,358.0
1645846899.14,122.17,2.701,293.0,330.0,2.922,333.0,357.0
1645846899.24,122.18,2.471,265.0,302.0,2.918,332.0,357.0
1645846899.34,122.35,2.537,273.0,310.0,2.919,333.0,357.0
1645846899.44,122.17,2.494,268.0,305.0,2.922,332.0,357.0
1645846899.54,122.18,2.534,272.0,310.0,2.918,332.0,356.0
1645846899.64,122.18,2.531,272.0,309.0,2.923,333.0,357.0
1645846899.74,122.18,2.521,271.0,308.0,2.923,333.0,357.0
1645846899.84,122.35,2.561,276.0,313.0,2.927,334.0,358.0
1645846899.94,122.18,2.538,273.0,310.0,2.93,333.0,358.0
1645846900.04,122.19,2.5,268.0,305.0,2.925,333.0,357.0
1645846900.14,122.17,2.545,274.0,311.0,2.933,334.0,358.0
1645846900.24,122.18,2.491,267.0,304.0,2.915,332.0,356.0
1645846900.34,122.35,2.546,275.0,312.0,2.928,334.0,358.0
1645846900.44,122.19,2.481,266.0,303.0,2.917,332.0,356.0
1645846900.54,122.18,2.594,280.0,317.0,2.921,332.0,357.0
1645846900.64,122.2,2.438,261.0,298.0,2.924,333.0,357.0
1645846900.74,122.36,2.589,280.0,317.0,2.918,333.0,357.0
1645846900.84,122.19,2.514,270.0,307.0,2.919,333.0,357.0
1645846900.94,122.19,2.484,266.0,304.0,2.919,332.0,357.0
1645846901.04,122.18,2.513,270.0,307.0,2.917,332.0,356.0
1645846901.14,122.17,2.603,281.0,318.0,2.921,332.0,357.0
1645846901.24,122.36,2.474,266.0,303.0,2.923,334.0,358.0
1645846901.34,122.17,2.549,275.0,311.0,2.922,333.0,357.0
1645846901.44,122.19,2.496,268.0,305.0,2.915,332.0,356.0
1645846901.54,122.18,2.611,282.0,319.0,2.929,333.0,358.0
1645846901.64,122.18,2.453,262.0,300.0,2.907,331.0,355.0
1645846901.74,122.36,2.569,278.0,314.0,2.917,333.0,357.0
1645846901.84,122.17,2.547,274.0,311.0,2.909,331.0,355.0
1645846901.94,122.17,2.551,275.0,312.0,2.912,332.0,356.0
1645846902.04,122.18,2.465,264.0,301.0,2.914,332.0,356.0
1645846902.14,122.35,2.564,277.0,314.0,2.917,333.0,357.0
1645846902.24,122.19,2.485,266.0,304.0,2.913,332.0,356.0
1645846902.34,122.17,2.648,287.0,323.0,2.916,332.0,356.0
1645846902.44,122.19,2.497,268.0,305.0,2.913,332.0,356.0
1645846902.54,122.18,2.556,275.0,312.0,2.907,331.0,355.0
1645846902.64,122.36,2.489,268.0,305.0,2.918,333.0,357.0
1645846902.74,122.17,2.498,268.0,305.0,2.91,331.0,356.0
1645846902.84,122.17,2.568,277.0,314.0,2.908,331.0,355.0
1645846902.94,122.17,2.504,269.0,306.0,2.906,331.0,355.0
1645846903.04,122.34,2.492,268.0,305.0,2.911,332.0,356.0
1645846903.14,122.18,2.517,271.0,307.0,2.914,332.0,356.0
1645846903.24,122.17,2.508,269.0,306.0,2.916,332.0,356.0
1645846903.34,122.16,2.516,271.0,307.0,2.917,332.0,356.0
1645846903.44,122.35,2.498,268.0,306.0,2.912,332.0,356.0
1645846903.54,122.17,2.526,272.0,309.0,2.922,333.0,357.0
1645846903.64,122.17,2.475,265.0,302.0,2.917,332.0,356.0
1645846903.74,122.15,2.529,272.0,309.0,2.927,333.0,358.0
1645846903.84,122.17,2.533,272.0,309.0,2.912,331.0,356.0
1645846903.94,122.35,2.528,273.0,309.0,2.925,334.0,358.0
1645846904.04,122.15,2.763,302.0,338.0,2.919,332.0,357.0
1645846904.14,122.16,2.701,293.0,330.0,2.921,333.0,357.0
1645846904.24,122.16,2.517,270.0,307.0,2.921,332.0,357.0
1645846904.34,122.35,2.524,272.0,309.0,2.934,335.0,359.0
1645846904.44,122.18,2.477,266.0,303.0,2.921,332.0,357.0
1645846904.54,122.18,2.513,270.0,307.0,2.926,333.0,358.0
1645846904.64,122.17,2.565,277.0,313.0,2.915,332.0,356.0
1645846904.74,122.36,2.548,275.0,312.0,2.935,335.0,359.0
1645846904.84,122.19,2.514,270.0,307.0,2.915,332.0,356.0
1645846904.94,122.2,2.515,271.0,307.0,2.917,332.0,356.0
1645846905.04,122.2,2.493,267.0,305.0,2.914,332.0,356.0
1645846905.14,122.37,2.536,274.0,310.0,2.923,334.0,358.0
1645846905.24,122.2,2.484,266.0,304.0,2.912,332.0,356.0
1645846905.34,122.18,2.544,274.0,311.0,2.925,333.0,357.0
1645846905.44,122.19,2.49,267.0,304.0,2.911,331.0,356.0
1645846905.54,122.36,2.555,276.0,313.0,2.922,333.0,358.0
1645846905.64,122.19,2.465,264.0,301.0,2.912,332.0,356.0
1645846905.74,122.17,2.522,271.0,308.0,2.915,332.0,356.0
1645846905.84,122.17,2.544,273.0,311.0,2.92,332.0,357.0
1645846905.94,122.36,2.533,273.0,310.0,2.927,334.0,358.0
1645846906.04,122.18,2.511,270.0,307.0,2.916,332.0,356.0
1645846906.14,122.18,2.549,274.0,311.0,2.924,333.0,357.0
1645846906.24,122.36,2.548,275.0,312.0,2.908,332.0,356.0
1645846906.34,122.19,2.488,267.0,304.0,2.917,332.0,356.0
1645846906.44,122.18,2.504,269.0,306.0,2.918,332.0,356.0
1645846906.54,122.17,2.548,274.0,311.0,2.917,332.0,356.0
1645846906.64,122.35,2.485,267.0,304.0,2.918,333.0,357.0
1645846906.74,122.18,2.503,269.0,306.0,2.908,331.0,355.0
1645846906.84,122.18,2.532,272.0,309.0,2.908,331.0,355.0
1645846906.94,122.18,2.571,277.0,314.0,2.914,331.0,356.0
1645846907.04,122.36,2.529,273.0,309.0,2.917,332.0,357.0
1645846907.14,122.18,2.47,265.0,302.0,2.911,331.0,356.0
1645846907.24,122.18,2.481,266.0,303.0,2.91,331.0,356.0
1645846907.34,122.17,2.581,279.0,315.0,2.912,332.0,356.0
1645846907.44,122.35,2.557,275.0,313.0,2.921,333.0,357.0
1645846907.54,122.17,2.579,278.0,315.0,2.921,332.0,357.0
1645846907.64,122.17,2.478,266.0,303.0,2.926,333.0,357.0
1645846907.74,122.35,2.521,272.0,308.0,2.924,333.0,358.0
1645846907.84,122.17,2.59,280.0,316.0,2.921,333.0,357.0
1645846907.94,122.18,2.552,275.0,312.0,2.918,332.0,357.0
1645846908.04,122.18,2.495,267.0,305.0,2.925,333.0,357.0
1645846908.14,122.33,2.562,276.0,313.0,2.933,334.0,359.0
1645846908.24,122.16,2.497,268.0,305.0,2.923,333.0,357.0
1645846908.34,122.18,2.567,277.0,314.0,2.924,333.0,357.0
1645846908.44,122.34,2.658,289.0,325.0,2.926,334.0,358.0
1645846908.54,122.16,2.721,296.0,332.0,2.928,334.0,358.0
1645846908.64,122.16,2.652,287.0,324.0,2.926,333.0,357.0
1645846908.74,122.14,2.738,298.0,334.0,2.921,332.0,357.0
1645846908.84,122.33,2.694,293.0,330.0,2.924,333.0,358.0
1645846908.94,122.16,2.73,297.0,334.0,2.919,332.0,357.0
1645846909.04,122.14,2.833,311.0,346.0,2.918,332.0,356.0
1645846909.14,122.32,2.894,319.0,354.0,2.93,334.0,358.0
1645846909.24,122.15,2.685,291.0,328.0,2.919,332.0,357.0
1645846909.34,122.15,2.687,292.0,328.0,2.924,333.0,357.0
1645846909.44,122.15,2.676,290.0,327.0,2.918,332.0,356.0
1645846909.54,122.33,2.722,297.0,333.0,2.931,334.0,359.0
1645846909.64,122.15,2.695,293.0,329.0,2.933,334.0,358.0
1645846909.74,122.14,2.776,303.0,339.0,2.936,334.0,359.0
1645846909.84,122.33,2.717,296.0,332.0,2.935,335.0,359.0
1645846909.94,122.14,2.735,298.0,334.0,2.93,334.0,358.0
1645846910.04,122.14,2.652,287.0,324.0,2.927,333.0,358.0
1645846910.14,122.3,2.757,301.0,337.0,2.932,334.0,359.0
1645846910.24,122.15,2.686,291.0,328.0,2.935,334.0,359.0
1645846910.34,122.14,2.736,298.0,334.0,2.937,334.0,359.0
1645846910.44,122.15,2.675,290.0,327.0,2.928,333.0,358.0
1645846910.54,122.33,2.736,298.0,335.0,2.935,335.0,359.0
1645846910.64,122.17,2.644,286.0,323.0,2.931,334.0,358.0
1645846910.74,122.16,2.737,298.0,334.0,2.934,334.0,358.0
1645846910.84,122.33,2.715,295.0,332.0,2.93,334.0,358.0
1645846910.94,122.15,2.747,299.0,336.0,2.925,333.0,357.0
1645846911.04,122.16,2.757,299.0,337.0,2.922,333.0,357.0
1645846911.14,122.33,2.825,308.0,346.0,2.922,334.0,357.0
1645846911.24,122.15,2.758,299.0,337.0,2.917,332.0,356.0
1645846911.34,122.15,2.789,303.0,341.0,2.923,332.0,357.0
1645846911.44,122.33,2.766,301.0,338.0,2.919,333.0,357.0
1645846911.54,122.15,2.799,305.0,342.0,2.913,332.0,356.0
1645846911.64,121.58,11.603,1063.0,1411.0,2.946,334.0,358.0
1645846911.74,120.74,18.223,2196.0,2200.0,2.918,330.0,352.0
1645846911.84,120.89,18.421,2222.0,2227.0,2.913,329.0,352.0
1645846911.94,120.7,18.59,2239.0,2244.0,2.908,328.0,351.0
1645846912.04,120.7,18.634,2244.0,2249.0,2.908,328.0,351.0
1645846912.14,120.86,18.756,2262.0,2267.0,2.915,329.0,352.0
1645846912.24,120.68,18.699,2252.0,2257.0,2.901,327.0,350.0
1645846912.34,120.7,18.69,2251.0,2256.0,2.906,328.0,351.0
1645846912.44,120.88,18.569,2240.0,2245.0,2.91,328.0,352.0
1645846912.54,120.71,18.584,2238.0,2243.0,2.906,327.0,351.0
1645846912.64,120.72,18.409,2217.0,2222.0,2.902,327.0,350.0
1645846912.74,120.73,18.257,2199.0,2204.0,2.903,328.0,351.0
1645846912.84,120.93,18.143,2189.0,2194.0,2.9,328.0,351.0
1645846912.94,120.77,17.982,2167.0,2172.0,2.907,328.0,351.0
1645846913.04,120.79,17.747,2139.0,2144.0,2.904,328.0,351.0
1645846913.14,120.97,17.641,2129.0,2134.0,2.909,329.0,352.0
1645846913.24,120.81,17.46,2104.0,2109.0,2.902,327.0,351.0
1645846913.34,120.83,17.373,2094.0,2099.0,2.9,328.0,350.0
1645846913.44,121.02,17.203,2076.0,2082.0,2.902,328.0,351.0
1645846913.54,120.83,17.087,2059.0,2065.0,2.907,328.0,351.0
1645846913.64,120.85,16.946,2042.0,2048.0,2.893,326.0,350.0
1645846913.74,121.05,16.877,2037.0,2043.0,2.902,328.0,351.0
1645846913.84,120.88,16.743,2018.0,2024.0,2.894,327.0,350.0
1645846913.94,120.9,16.61,2002.0,2008.0,2.9,328.0,351.0
1645846914.04,121.06,16.648,2010.0,2015.0,2.899,328.0,351.0
1645846914.14,120.89,16.571,1998.0,2003.0,2.909,328.0,352.0
1645846914.24,120.91,16.321,1967.0,1973.0,2.893,327.0,350.0
1645846914.34,121.09,16.199,1956.0,1962.0,2.905,329.0,352.0
1645846914.44,120.92,16.077,1938.0,1944.0,2.896,327.0,350.0
1645846914.54,120.93,15.997,1929.0,1935.0,2.899,327.0,351.0
1645846914.64,121.12,15.916,1922.0,1928.0,2.904,328.0,352.0
1645846914.74,120.94,15.868,1913.0,1919.0,2.899,327.0,351.0
1645846914.84,120.96,15.735,1897.0,1903.0,2.896,327.0,350.0
1645846914.94,121.14,15.681,1894.0,1900.0,2.898,328.0,351.0
1645846915.04,120.97,15.543,1874.0,1880.0,2.89,327.0,350.0
1645846915.14,120.98,15.499,1869.0,1875.0,2.901,328.0,351.0
1645846915.24,121.16,15.402,1860.0,1866.0,2.901,328.0,351.0
1645846915.34,120.98,15.317,1847.0,1853.0,2.894,327.0,350.0
1645846915.44,121.0,15.222,1836.0,1842.0,2.901,328.0,351.0
1645846915.54,121.19,15.181,1834.0,1840.0,2.91,330.0,353.0
1645846915.64,121.02,15.02,1811.0,1818.0,2.904,328.0,351.0
1645846915.74,121.02,15.004,1809.0,1816.0,2.912,329.0,352.0
1645846915.84,121.21,14.958,1807.0,1813.0,2.905,329.0,352.0
1645846915.94,121.03,14.824,1788.0,1794.0,2.907,329.0,352.0
1645846916.04,121.05,14.776,1782.0,1789.0,2.904,329.0,352.0
1645846916.14,121.22,14.814,1789.0,1796.0,2.908,330.0,352.0
1645846916.24,121.04,14.704,1772.0,1780.0,2.905,329.0,352.0
1645846916.34,121.06,14.664,1767.0,1775.0,2.917,330.0,353.0
1645846916.44,121.23,14.598,1762.0,1770.0,2.915,330.0,353.0
1645846916.54,121.05,14.549,1753.0,1761.0,2.91,329.0,352.0
1645846916.64,121.06,14.475,1745.0,1752.0,2.906,329.0,352.0
1645846916.74,121.24,14.459,1745.0,1753.0,2.923,331.0,354.0
1645846916.84,121.06,14.405,1736.0,1744.0,2.902,328.0,351.0
1645846916.94,121.08,14.394,1735.0,1743.0,2.91,329.0,352.0
1645846917.04,121.25,14.335,1730.0,1738.0,2.901,329.0,352.0
1645846917.14,121.07,14.311,1725.0,1733.0,2.9,328.0,351.0
1645846917.24,121.09,14.238,1716.0,1724.0,2.894,327.0,350.0
1645846917.34,121.26,14.31,1727.0,1735.0,2.913,330.0,353.0
1645846917.44,121.08,14.206,1712.0,1720.0,2.904,328.0,352.0
1645846917.54,121.1,14.228,1715.0,1723.0,2.906,329.0,352.0
1645846917.64,121.25,14.271,1723.0,1730.0,2.906,329.0,352.0
1645846917.74,121.06,14.294,1723.0,1730.0,2.901,328.0,351.0
1645846917.84,121.08,14.243,1717.0,1725.0,2.899,328.0,351.0
1645846917.94,121.26,14.247,1720.0,1728.0,2.911,330.0,353.0
1645846918.04,121.09,14.15,1706.0,1713.0,2.896,327.0,351.0
1645846918.14,121.09,14.207,1713.0,1720.0,2.906,329.0,352.0
1645846918.24,121.26,14.199,1714.0,1722.0,2.902,329.0,352.0
1645846918.34,121.08,14.179,1709.0,1717.0,2.905,329.0,352.0
1645846918.44,121.08,14.156,1706.0,1714.0,2.909,329.0,352.0
1645846918.54,121.25,14.209,1715.0,1723.0,2.917,331.0,354.0
1645846918.64,121.06,14.166,1707.0,1715.0,2.904,328.0,352.0
1645846918.74,121.07,14.176,1709.0,1716.0,2.921,331.0,354.0
1645846918.84,121.24,14.207,1715.0,1722.0,2.904,329.0,352.0
1645846918.94,121.07,14.218,1714.0,1721.0,2.906,329.0,352.0
1645846919.04,121.07,14.292,1723.0,1730.0,2.909,329.0,352.0
1645846919.14,121.22,14.405,1738.0,1746.0,2.908,329.0,353.0
1645846919.24,121.04,14.186,1709.0,1717.0,2.903,328.0,351.0
1645846919.34,121.05,14.196,1711.0,1718.0,2.904,329.0,352.0
1645846919.44,121.23,14.196,1713.0,1721.0,2.9,329.0,352.0
1645846919.54,121.05,14.225,1714.0,1722.0,2.907,329.0,352.0
1645846919.64,121.06,14.147,1705.0,1713.0,2.91,329.0,352.0
1645846919.74,121.23,14.237,1718.0,1726.0,2.914,330.0,353.0
1645846919.84,121.05,14.268,1719.0,1727.0,2.9,328.0,351.0
1645846919.94,121.06,14.177,1709.0,1716.0,2.907,329.0,352.0
1645846920.04,121.24,14.2,1714.0,1722.0,2.904,329.0,352.0
1645846920.14,121.04,14.237,1715.0,1723.0,2.913,329.0,353.0
1645846920.24,121.06,14.174,1708.0,1716.0,2.902,328.0,351.0
1645846920.34,121.22,14.252,1720.0,1728.0,2.905,329.0,352.0
1645846920.44,121.04,14.198,1711.0,1719.0,2.897,328.0,351.0
1645846920.54,121.04,14.246,1717.0,1724.0,2.903,329.0,351.0
1645846920.64,121.04,14.206,1712.0,1720.0,2.903,328.0,351.0
1645846920.74,121.2,14.208,1714.0,1722.0,2.91,330.0,353.0
1645846920.84,121.04,14.222,1714.0,1721.0,2.899,328.0,351.0
1645846920.94,121.04,14.251,1717.0,1725.0,2.907,329.0,352.0
1645846921.04,121.22,14.204,1714.0,1722.0,2.898,328.0,351.0
1645846921.14,121.04,14.265,1719.0,1727.0,2.903,328.0,351.0
1645846921.24,121.04,14.192,1710.0,1718.0,2.892,327.0,350.0
1645846921.34,121.21,14.276,1723.0,1730.0,2.901,328.0,352.0
1645846921.44,121.04,14.215,1713.0,1721.0,2.898,327.0,351.0
1645846921.54,121.04,14.242,1716.0,1724.0,2.901,328.0,351.0
1645846921.64,121.21,14.23,1717.0,1725.0,2.905,329.0,352.0
1645846921.74,121.04,14.234,1715.0,1723.0,2.912,329.0,352.0
1645846921.84,121.03,14.314,1725.0,1732.0,2.902,328.0,351.0
1645846921.94,121.2,14.328,1729.0,1737.0,2.913,330.0,353.0
1645846922.04,121.05,14.185,1710.0,1717.0,2.908,329.0,352.0
1645846922.14,121.05,14.263,1719.0,1727.0,2.911,330.0,352.0
1645846922.24,121.21,14.262,1721.0,1729.0,2.906,329.0,352.0
1645846922.34,121.04,14.295,1723.0,1730.0,2.914,329.0,353.0
1645846922.44,121.05,14.211,1712.0,1720.0,2.909,329.0,352.0
1645846922.54,121.21,14.288,1724.0,1732.0,2.919,331.0,354.0
1645846922.64,121.04,14.221,1714.0,1721.0,2.906,329.0,352.0
1645846922.74,121.04,14.278,1721.0,1728.0,2.909,329.0,352.0
1645846922.84,121.2,14.368,1734.0,1742.0,2.907,329.0,352.0
1645846922.94,121.03,14.308,1724.0,1732.0,2.904,328.0,352.0
1645846923.04,121.05,14.254,1718.0,1725.0,2.897,328.0,351.0
1645846923.14,121.18,14.282,1723.0,1731.0,2.9,328.0,351.0
1645846923.24,121.03,14.218,1713.0,1721.0,2.896,327.0,350.0
1645846923.34,121.04,14.264,1719.0,1727.0,2.895,328.0,350.0
1645846923.44,121.21,14.252,1720.0,1727.0,2.894,328.0,351.0
1645846923.54,121.06,14.268,1720.0,1727.0,2.902,328.0,351.0
1645846923.64,121.08,14.206,1712.0,1720.0,2.884,326.0,349.0
1645846923.74,121.24,14.31,1727.0,1735.0,2.897,328.0,351.0
1645846923.84,121.06,14.292,1722.0,1730.0,2.89,327.0,350.0
1645846923.94,121.07,14.229,1715.0,1723.0,2.894,327.0,350.0
1645846924.04,121.22,14.392,1737.0,1745.0,2.897,328.0,351.0
1645846924.14,121.03,14.452,1741.0,1749.0,2.902,328.0,351.0
1645846924.24,121.05,14.281,1721.0,1729.0,2.887,326.0,349.0
1645846924.34,121.22,14.274,1723.0,1730.0,2.898,329.0,351.0
1645846924.44,121.05,14.221,1714.0,1722.0,2.896,328.0,351.0
1645846924.54,121.04,14.296,1723.0,1730.0,2.906,329.0,352.0
1645846924.64,121.21,14.25,1720.0,1727.0,2.897,328.0,351.0
1645846924.74,121.04,14.265,1719.0,1727.0,2.9,328.0,351.0
1645846924.84,121.03,14.285,1721.0,1729.0,2.887,326.0,349.0
1645846924.94,121.21,14.302,1726.0,1733.0,2.901,329.0,352.0
1645846925.04,121.03,14.265,1719.0,1727.0,2.898,327.0,351.0
1645846925.14,121.22,14.277,1723.0,1731.0,2.91,330.0,353.0
1645846925.24,121.04,14.21,1712.0,1720.0,2.899,328.0,351.0
1645846925.34,121.03,14.303,1723.0,1731.0,2.902,328.0,351.0
1645846925.44,121.23,14.276,1723.0,1731.0,2.893,328.0,351.0
1645846925.54,121.04,14.279,1721.0,1728.0,2.894,327.0,350.0
1645846925.64,121.05,14.199,1711.0,1719.0,2.895,327.0,350.0
1645846925.74,121.23,14.312,1727.0,1735.0,2.902,328.0,352.0
1645846925.84,121.05,14.273,1720.0,1728.0,2.884,326.0,349.0
1645846925.94,121.05,14.255,1718.0,1725.0,2.892,327.0,350.0
1645846926.04,121.23,14.279,1723.0,1731.0,2.891,328.0,350.0
1645846926.14,121.05,14.291,1722.0,1730.0,2.899,328.0,351.0
1645846926.24,121.05,14.254,1718.0,1726.0,2.897,327.0,351.0
1645846926.34,121.21,14.315,1728.0,1735.0,2.907,329.0,352.0
1645846926.44,121.05,14.219,1714.0,1721.0,2.893,327.0,350.0
1645846926.54,121.03,14.286,1721.0,1729.0,2.898,328.0,351.0
1645846926.64,121.23,14.249,1720.0,1727.0,2.892,328.0,351.0
1645846926.74,121.06,14.279,1721.0,1729.0,2.906,329.0,352.0
1645846926.84,121.08,14.293,1723.0,1731.0,2.887,326.0,350.0
1645846926.94,121.25,14.283,1724.0,1732.0,2.904,329.0,352.0
1645846927.04,121.07,14.265,1719.0,1727.0,2.89,327.0,350.0
1645846927.14,121.08,14.255,1718.0,1726.0,2.89,327.0,350.0
1645846927.24,121.25,14.255,1721.0,1728.0,2.892,328.0,351.0
1645846927.34,121.07,14.288,1722.0,1730.0,2.899,328.0,351.0
1645846927.44,121.25,14.271,1723.0,1730.0,2.9,328.0,352.0
1645846927.54,121.07,14.232,1715.0,1723.0,2.897,328.0,351.0
1645846927.64,121.07,14.25,1718.0,1725.0,2.899,328.0,351.0
1645846927.74,121.24,14.305,1727.0,1734.0,2.911,330.0,353.0
1645846927.84,121.07,14.269,1720.0,1728.0,2.901,328.0,351.0
1645846927.94,121.06,14.295,1723.0,1731.0,2.912,329.0,353.0
1645846928.04,121.22,14.386,1736.0,1744.0,2.904,329.0,352.0
1645846928.14,121.05,14.278,1721.0,1728.0,2.904,328.0,351.0
1645846928.24,121.05,14.233,1715.0,1723.0,2.893,328.0,350.0
1645846928.34,121.22,14.292,1725.0,1732.0,2.912,330.0,353.0
1645846928.44,121.07,14.228,1715.0,1723.0,2.903,328.0,351.0
1645846928.54,121.07,14.318,1726.0,1734.0,2.911,329.0,352.0
1645846928.64,121.25,14.262,1722.0,1729.0,2.903,329.0,352.0
1645846928.74,121.09,14.282,1722.0,1729.0,2.91,329.0,352.0
1645846928.84,121.08,14.28,1721.0,1729.0,2.892,327.0,350.0
1645846928.94,121.26,14.287,1725.0,1732.0,2.902,329.0,352.0
1645846929.04,121.08,14.355,1730.0,1738.0,2.892,327.0,350.0
1645846929.14,121.24,14.484,1748.0,1756.0,2.896,328.0,351.0
1645846929.24,121.07,14.344,1729.0,1737.0,2.882,326.0,349.0
1645846929.34,121.08,14.242,1717.0,1724.0,2.894,328.0,350.0
1645846929.44,121.25,14.264,1722.0,1730.0,2.889,327.0,350.0
1645846929.54,121.08,14.272,1720.0,1728.0,2.893,327.0,350.0
1645846929.64,121.08,14.247,1717.0,1725.0,2.886,326.0,349.0
1645846929.74,121.33,13.68,1617.0,1660.0,2.89,327.0,351.0
1645846929.84,122.08,2.742,297.0,335.0,2.879,327.0,352.0
1645846929.94,122.25,2.796,306.0,342.0,2.894,330.0,354.0
1645846930.04,122.07,2.701,293.0,330.0,2.895,329.0,353.0
1645846930.14,122.05,2.718,296.0,332.0,2.91,331.0,355.0
1645846930.24,122.24,2.685,292.0,328.0,2.898,330.0,354.0
1645846930.34,122.06,2.71,295.0,331.0,2.902,330.0,354.0
1645846930.44,122.06,2.731,297.0,333.0,2.894,329.0,353.0
1645846930.54,122.25,2.735,298.0,334.0,2.903,331.0,355.0
1645846930.64,122.09,2.702,294.0,330.0,2.901,330.0,354.0
1645846930.74,122.25,2.764,302.0,338.0,2.914,332.0,356.0
1645846930.84,122.08,2.765,301.0,338.0,2.892,329.0,353.0
1645846930.94,122.1,2.663,288.0,325.0,2.91,331.0,355.0
1645846931.04,122.27,2.71,295.0,331.0,2.896,330.0,354.0
1645846931.14,122.09,2.756,301.0,337.0,2.909,331.0,355.0
1645846931.24,122.08,2.735,297.0,334.0,2.898,329.0,354.0
1645846931.34,122.25,2.746,300.0,336.0,2.895,330.0,354.0
1645846931.44,122.08,2.708,294.0,331.0,2.891,329.0,353.0
1645846931.54,122.07,2.74,298.0,334.0,2.904,331.0,354.0
1645846931.64,122.26,2.696,293.0,330.0,2.897,330.0,354.0
1645846931.74,122.06,2.717,296.0,332.0,2.909,331.0,355.0
1645846931.84,122.23,2.743,299.0,335.0,2.9,330.0,354.0
1645846931.94,122.07,2.76,301.0,337.0,2.902,330.0,354.0
1645846932.03,122.06,2.725,296.0,333.0,2.897,329.0,354.0
1645846932.14,122.24,2.707,294.0,331.0,2.907,332.0,355.0
1645846932.24,122.07,2.685,291.0,328.0,2.897,329.0,354.0
1645846932.34,122.05,2.702,294.0,330.0,2.912,331.0,355.0
1645846932.44,122.21,2.729,297.0,334.0,2.902,330.0,355.0
1645846932.54,122.04,2.714,295.0,331.0,2.904,330.0,354.0
1645846932.64,122.03,2.692,292.0,329.0,2.895,330.0,353.0
1645846932.74,122.22,2.734,298.0,334.0,2.908,332.0,355.0
1645846932.84,122.02,2.763,301.0,337.0,2.898,329.0,354.0
1645846932.94,122.02,2.714,295.0,331.0,2.912,331.0,355.0
1645846933.04,122.19,2.694,293.0,329.0,2.899,330.0,354.0
1645846933.14,122.03,2.737,298.0,334.0,2.906,331.0,355.0
1645846933.23,122.2,2.721,297.0,333.0,2.901,331.0,355.0
1645846933.34,122.03,2.807,307.0,342.0,2.913,331.0,355.0
1645846933.44,122.03,2.734,298.0,334.0,2.909,331.0,355.0
1645846933.54,122.2,2.762,301.0,337.0,2.916,332.0,356.0
1645846933.64,122.03,2.713,295.0,331.0,2.907,331.0,355.0
1645846933.73,122.02,2.74,298.0,334.0,2.912,331.0,355.0
1645846933.84,122.21,2.726,297.0,333.0,2.906,332.0,355.0
1645846933.94,122.04,2.736,298.0,334.0,2.918,332.0,356.0
1645846934.04,122.01,2.809,308.0,343.0,2.908,331.0,355.0
1645846934.14,122.17,2.915,322.0,356.0,2.915,332.0,356.0
1645846934.23,122.0,2.739,298.0,334.0,2.902,330.0,354.0
1645846934.34,121.99,2.738,298.0,334.0,2.913,331.0,355.0
1645846934.43,122.17,2.724,297.0,333.0,2.905,331.0,355.0
1645846934.54,122.01,2.747,299.0,335.0,2.921,332.0,356.0
1645846934.64,121.97,2.689,292.0,328.0,2.904,330.0,354.0
1645846934.73,122.14,2.752,300.0,336.0,2.916,332.0,356.0
1645846934.84,121.97,2.741,298.0,334.0,2.901,330.0,354.0
1645846934.93,121.99,2.787,304.0,340.0,2.906,331.0,355.0
1645846935.04,122.18,2.71,294.0,331.0,2.909,331.0,355.0
1645846935.13,122.01,2.751,300.0,336.0,2.91,331.0,355.0
1645846935.24,121.99,2.721,296.0,332.0,2.894,329.0,353.0
1645846935.34,122.17,2.718,296.0,332.0,2.908,332.0,355.0
1645846935.43,122.0,2.702,293.0,330.0,2.89,329.0,353.0
1645846935.54,121.98,2.766,302.0,337.0,2.904,330.0,354.0
1645846935.63,122.16,2.742,299.0,335.0,2.895,329.0,354.0
1645846935.74,122.0,2.716,295.0,331.0,2.9,329.0,354.0
1645846935.84,121.99,2.756,300.0,336.0,2.892,329.0,353.0
1645846935.93,122.18,2.749,300.0,336.0,2.9,331.0,354.0
1645846936.04,122.0,2.727,297.0,333.0,2.894,329.0,353.0
1645846936.13,122.01,2.753,300.0,336.0,2.907,331.0,355.0
1645846936.24,122.19,2.72,296.0,332.0,2.907,331.0,355.0
1645846936.33,122.02,2.765,302.0,337.0,2.909,331.0,355.0
1645846936.43,122.19,2.71,295.0,331.0,2.901,330.0,354.0
1645846936.54,122.0,2.74,298.0,334.0,2.901,330.0,354.0
1645846936.63,122.0,2.697,293.0,329.0,2.902,330.0,354.0
1645846936.74,122.17,2.766,302.0,338.0,2.906,331.0,355.0
1645846936.83,122.01,2.746,299.0,335.0,2.897,329.0,353.0
1645846936.93,122.0,2.764,301.0,337.0,2.906,331.0,355.0
1645846937.03,122.18,2.745,299.0,335.0,2.893,330.0,353.0
1645846937.13,122.02,2.733,297.0,334.0,2.906,331.0,355.0
1645846937.24,122.02,2.717,295.0,331.0,2.903,330.0,354.0
1645846937.33,122.19,2.743,299.0,335.0,2.908,331.0,355.0
1645846937.44,122.02,2.721,296.0,332.0,2.896,329.0,353.0
1645846937.53,122.02,2.74,298.0,334.0,2.905,330.0,354.0
1645846937.63,122.19,2.732,297.0,334.0,2.893,330.0,354.0
1645846937.74,122.01,2.732,297.0,333.0,2.904,330.0,354.0
1645846937.83,122.02,2.733,297.0,333.0,2.899,329.0,354.0
1645846937.94,122.19,2.784,304.0,340.0,2.899,330.0,354.0
1645846938.03,122.03,2.731,297.0,333.0,2.883,328.0,352.0
1645846938.13,122.03,2.726,296.0,333.0,2.898,330.0,354.0
1645846938.23,122.21,2.717,296.0,332.0,2.888,329.0,353.0
1645846938.33,122.03,2.76,301.0,337.0,2.906,330.0,355.0
1645846938.44,122.02,2.837,311.0,346.0,2.898,330.0,354.0
1645846938.53,122.21,2.768,302.0,338.0,2.905,331.0,355.0
1645846938.63,122.03,2.723,296.0,332.0,2.889,329.0,353.0
1645846938.73,122.01,2.777,303.0,339.0,2.901,330.0,354.0
1645846938.83,122.19,2.739,298.0,335.0,2.896,330.0,354.0
1645846938.94,122.02,2.732,297.0,333.0,2.899,329.0,354.0
1645846939.03,122.02,2.784,304.0,340.0,2.897,329.0,353.0
1645846939.13,122.18,2.916,322.0,356.0,2.906,331.0,355.0
1645846939.23,122.01,2.817,308.0,344.0,2.885,328.0,352.0
1645846939.33,122.01,2.705,294.0,330.0,2.897,329.0,353.0
1645846939.43,122.19,2.748,299.0,336.0,2.899,330.0,354.0
1645846939.53,122.01,2.77,302.0,338.0,2.9,330.0,354.0
1645846939.64,122.01,2.723,296.0,332.0,2.903,330.0,354.0
1645846939.73,122.18,2.752,300.0,336.0,2.915,332.0,356.0
1645846939.83,122.01,2.759,301.0,337.0,2.906,331.0,355.0
1645846939.93,122.01,2.811,307.0,343.0,2.922,332.0,356.0
1645846940.03,122.2,2.739,298.0,335.0,2.914,332.0,356.0
1645846940.13,122.02,2.75,299.0,336.0,2.916,332.0,356.0
1645846940.23,122.01,2.719,295.0,332.0,2.908,331.0,355.0
1645846940.33,122.19,2.783,304.0,340.0,2.907,332.0,355.0
1645846940.43,122.02,2.708,294.0,330.0,2.902,330.0,354.0
1645846940.53,122.0,2.732,297.0,333.0,2.912,331.0,355.0
1645846940.63,122.18,2.734,298.0,334.0,2.911,332.0,356.0
1645846940.73,121.99,2.754,300.0,336.0,2.92,332.0,356.0
1645846940.83,121.98,2.793,305.0,341.0,2.912,331.0,355.0
1645846940.93,122.17,2.754,300.0,336.0,2.907,332.0,355.0
1645846941.03,121.99,2.734,297.0,333.0,2.901,330.0,354.0
1645846941.13,121.98,2.762,301.0,337.0,2.916,331.0,356.0
1645846941.23,122.18,2.749,299.0,336.0,2.903,331.0,355.0
1645846941.33,121.99,2.761,301.0,337.0,2.908,331.0,355.0
1645846941.43,121.99,2.728,296.0,333.0,2.896,330.0,353.0
1645846941.53,121.99,2.769,302.0,338.0,2.9,330.0,354.0
1645846941.63,122.15,2.766,301.0,338.0,2.901,330.0,354.0
1645846941.73,121.96,2.756,300.0,336.0,2.906,330.0,354.0
1645846941.83,121.94,2.742,298.0,334.0,2.898,329.0,353.0
1645846941.93,122.13,2.784,304.0,340.0,2.906,331.0,355.0
1645846942.03,121.97,2.765,301.0,337.0,2.89,329.0,353.0
1645846942.13,121.97,2.777,302.0,339.0,2.906,330.0,354.0
1645846942.23,122.16,2.805,305.0,343.0,2.905,331.0,355.0
1645846942.33,121.99,2.848,310.0,347.0,2.899,330.0,354.0
1645846942.43,121.99,2.765,299.0,337.0,2.897,329.0,353.0
1645846942.53,122.17,2.825,308.0,345.0,2.894,330.0,354.0
1645846942.63,121.67,8.938,748.0,1087.0,2.922,331.0,356.0
1645846942.73,120.58,17.888,2153.0,2157.0,2.908,327.0,351.0
1645846942.83,120.56,18.096,2177.0,2182.0,2.884,325.0,348.0
1645846942.93,120.72,18.315,2207.0,2211.0,2.902,328.0,350.0
1645846943.03,120.54,18.368,2210.0,2214.0,2.891,326.0,348.0
1645846943.13,120.53,18.487,2224.0,2228.0,2.877,324.0,347.0
1645846943.23,120.68,18.544,2233.0,2238.0,2.887,326.0,348.0
1645846943.33,120.5,18.503,2225.0,2230.0,2.889,325.0,348.0
1645846943.43,120.52,18.42,2215.0,2220.0,2.881,324.0,347.0
1645846943.53,120.68,18.497,2227.0,2232.0,2.889,326.0,349.0
1645846943.63,120.54,18.244,2194.0,2199.0,2.877,324.0,347.0
1645846943.73,120.52,18.202,2189.0,2194.0,2.886,325.0,348.0
1645846943.83,120.55,18.022,2168.0,2173.0,2.883,325.0,348.0
1645846943.93,120.75,17.917,2159.0,2163.0,2.891,326.0,349.0
1645846944.03,120.58,17.815,2143.0,2148.0,2.882,325.0,348.0
1645846944.13,120.56,17.805,2142.0,2147.0,2.878,324.0,347.0
1645846944.23,120.78,17.567,2117.0,2122.0,2.88,325.0,348.0
1645846944.33,120.63,17.328,2085.0,2090.0,2.878,324.0,347.0
1645846944.43,120.64,17.176,2067.0,2072.0,2.877,324.0,347.0
1645846944.53,120.82,17.155,2067.0,2073.0,2.881,325.0,348.0
1645846944.63,120.6,16.912,2034.0,2040.0,2.87,323.0,346.0
1645846944.73,120.67,16.845,2027.0,2033.0,2.876,324.0,347.0
1645846944.83,120.68,16.791,2021.0,2026.0,2.87,324.0,346.0
1645846944.93,120.86,16.614,2003.0,2008.0,2.881,325.0,348.0
1645846945.03,120.7,16.51,1987.0,1993.0,2.885,325.0,348.0
1645846945.13,120.71,16.423,1977.0,1982.0,2.881,325.0,348.0
1645846945.23,120.88,16.336,1969.0,1975.0,2.876,325.0,348.0
1645846945.33,120.71,16.22,1952.0,1958.0,2.877,325.0,347.0
1645846945.43,120.74,16.075,1935.0,1941.0,2.869,324.0,346.0
1645846945.53,120.91,16.082,1939.0,1945.0,2.879,325.0,348.0
1645846945.63,120.75,15.952,1921.0,1926.0,2.878,324.0,348.0
1645846945.73,120.76,15.825,1905.0,1911.0,2.888,326.0,349.0
1645846945.83,120.77,15.784,1900.0,1906.0,2.877,325.0,347.0
1645846945.93,120.97,15.72,1896.0,1902.0,2.879,326.0,348.0
1645846946.03,120.81,15.557,1874.0,1879.0,2.879,325.0,348.0
1645846946.13,120.83,15.513,1868.0,1874.0,2.886,326.0,349.0
1645846946.23,121.01,15.443,1863.0,1869.0,2.886,327.0,349.0
1645846946.33,120.83,15.364,1850.0,1856.0,2.883,325.0,348.0
1645846946.43,120.85,15.226,1834.0,1840.0,2.888,326.0,349.0
1645846946.53,120.86,15.206,1832.0,1838.0,2.885,326.0,349.0
1645846946.63,121.04,15.086,1820.0,1826.0,2.89,327.0,350.0
1645846946.73,120.87,15.048,1813.0,1819.0,2.888,326.0,349.0
1645846946.83,120.88,14.977,1804.0,1810.0,2.873,324.0,347.0
1645846946.93,121.07,14.866,1794.0,1800.0,2.882,326.0,349.0
1645846947.03,120.91,14.82,1785.0,1792.0,2.873,324.0,347.0
1645846947.13,120.91,14.784,1781.0,1787.0,2.866,324.0,347.0
1645846947.23,121.08,14.735,1777.0,1784.0,2.877,325.0,348.0
1645846947.33,120.9,14.673,1766.0,1774.0,2.87,324.0,347.0
1645846947.43,120.9,14.579,1755.0,1763.0,2.869,324.0,347.0
1645846947.53,120.92,14.56,1753.0,1761.0,2.87,324.0,347.0
1645846947.63,121.09,14.472,1745.0,1752.0,2.873,325.0,348.0
1645846947.73,120.91,14.472,1742.0,1750.0,2.866,324.0,347.0
1645846947.83,120.93,14.398,1734.0,1741.0,2.866,323.0,347.0
1645846947.93,121.11,14.391,1735.0,1743.0,2.875,325.0,348.0
1645846948.03,120.95,14.322,1725.0,1732.0,2.869,324.0,347.0
1645846948.13,120.94,14.316,1724.0,1731.0,2.874,325.0,348.0
1645846948.23,120.93,14.238,1714.0,1722.0,2.86,323.0,346.0
1645846948.33,121.11,14.266,1720.0,1728.0,2.877,326.0,348.0
1645846948.43,120.95,14.193,1709.0,1717.0,2.877,325.0,348.0
1645846948.53,120.96,14.277,1719.0,1727.0,2.867,324.0,347.0
1645846948.63,121.13,14.298,1724.0,1732.0,2.871,325.0,348.0
1645846948.73,120.96,14.251,1716.0,1724.0,2.866,324.0,347.0
1645846948.83,120.97,14.246,1716.0,1723.0,2.864,324.0,346.0
1645846948.93,121.13,14.234,1717.0,1724.0,2.874,325.0,348.0
1645846949.03,120.96,14.195,1710.0,1717.0,2.865,323.0,347.0
1645846949.13,120.96,14.387,1733.0,1740.0,2.872,324.0,347.0
1645846949.23,120.96,14.277,1719.0,1727.0,2.863,323.0,346.0
1645846949.33,121.14,14.205,1713.0,1721.0,2.869,325.0,348.0
1645846949.43,120.98,14.157,1705.0,1713.0,2.867,324.0,347.0
1645846949.53,120.97,14.176,1707.0,1715.0,2.871,324.0,347.0
1645846949.63,121.16,14.138,1705.0,1713.0,2.875,326.0,348.0
1645846949.73,120.96,14.164,1706.0,1713.0,2.871,324.0,347.0
1645846949.83,120.97,14.194,1709.0,1717.0,2.874,325.0,348.0
1645846949.93,120.97,14.184,1708.0,1716.0,2.865,324.0,347.0
1645846950.03,121.15,14.219,1715.0,1723.0,2.878,326.0,349.0
1645846950.13,120.97,14.163,1706.0,1713.0,2.877,325.0,348.0
1645846950.23,120.97,14.186,1708.0,1716.0,2.87,324.0,347.0
1645846950.33,121.15,14.211,1714.0,1722.0,2.878,326.0,349.0
1645846950.43,120.97,14.13,1702.0,1709.0,2.86,323.0,346.0
1645846950.53,120.98,14.174,1707.0,1715.0,2.87,325.0,347.0
1645846950.63,120.99,14.182,1708.0,1716.0,2.875,325.0,348.0
1645846950.73,121.15,14.188,1711.0,1719.0,2.875,325.0,348.0
1645846950.83,120.97,14.185,1708.0,1716.0,2.874,324.0,348.0
1645846950.93,120.97,14.189,1709.0,1716.0,2.87,324.0,347.0
1645846951.03,121.16,14.178,1710.0,1718.0,2.872,325.0,348.0
1645846951.13,120.98,14.214,1712.0,1720.0,2.864,324.0,346.0
1645846951.23,120.98,14.129,1702.0,1709.0,2.864,323.0,347.0
1645846951.33,120.98,14.203,1711.0,1718.0,2.86,323.0,346.0
1645846951.43,121.15,14.148,1707.0,1714.0,2.866,324.0,347.0
1645846951.53,120.98,14.166,1706.0,1714.0,2.862,323.0,346.0
1645846951.63,121.0,14.17,1707.0,1715.0,2.874,325.0,348.0
1645846951.73,121.16,14.197,1713.0,1720.0,2.881,326.0,349.0
1645846951.83,120.99,14.185,1709.0,1716.0,2.88,325.0,348.0
1645846951.93,120.98,14.209,1711.0,1719.0,2.879,325.0,348.0
1645846952.03,121.0,14.153,1705.0,1713.0,2.87,324.0,347.0
1645846952.13,121.16,14.243,1718.0,1726.0,2.876,326.0,348.0
1645846952.23,121.0,14.129,1702.0,1710.0,2.866,324.0,347.0
1645846952.33,120.98,14.204,1711.0,1718.0,2.873,325.0,348.0
1645846952.43,121.16,14.174,1710.0,1717.0,2.869,324.0,348.0
1645846952.53,120.98,14.174,1707.0,1715.0,2.861,323.0,346.0
1645846952.63,120.98,14.152,1705.0,1712.0,2.87,324.0,347.0
1645846952.73,120.98,14.195,1710.0,1717.0,2.859,323.0,346.0
1645846952.83,121.15,14.236,1717.0,1725.0,2.868,325.0,347.0
1645846952.93,120.96,14.171,1706.0,1714.0,2.863,324.0,346.0
1645846953.03,120.95,14.148,1704.0,1711.0,2.866,323.0,347.0
1645846953.13,120.96,14.205,1711.0,1718.0,2.863,323.0,346.0
1645846953.23,121.13,14.187,1711.0,1718.0,2.862,324.0,347.0
1645846953.33,120.96,14.188,1709.0,1716.0,2.865,324.0,347.0
1645846953.43,120.96,14.157,1705.0,1712.0,2.853,322.0,345.0
1645846953.53,121.12,14.222,1715.0,1723.0,2.862,323.0,347.0
1645846953.63,120.96,14.165,1706.0,1713.0,2.858,322.0,346.0
1645846953.73,120.93,14.21,1711.0,1718.0,2.864,323.0,346.0
1645846953.83,120.93,14.257,1716.0,1724.0,2.852,322.0,345.0
1645846953.93,121.11,14.172,1709.0,1716.0,2.856,323.0,346.0
1645846954.03,120.92,14.227,1713.0,1720.0,2.859,323.0,346.0
1645846954.13,120.92,14.405,1734.0,1742.0,2.862,323.0,346.0
1645846954.23,120.93,14.269,1718.0,1726.0,2.863,323.0,346.0
1645846954.33,121.11,14.222,1715.0,1722.0,2.87,325.0,348.0
1645846954.43,120.94,14.143,1703.0,1711.0,2.861,323.0,346.0
1645846954.53,120.93,14.199,1710.0,1717.0,2.854,323.0,345.0
1645846954.63,121.13,14.112,1702.0,1709.0,2.871,325.0,348.0
1645846954.73,120.95,14.16,1705.0,1713.0,2.868,324.0,347.0
1645846954.83,120.94,14.255,1716.0,1724.0,2.867,324.0,347.0
1645846954.93,120.94,14.195,1709.0,1717.0,2.857,323.0,346.0
1645846955.03,121.11,14.227,1715.0,1723.0,2.858,324.0,346.0
1645846955.13,120.93,14.286,1720.0,1728.0,2.851,322.0,345.0
1645846955.23,120.96,14.241,1715.0,1723.0,2.868,324.0,347.0
1645846955.33,120.97,14.219,1712.0,1720.0,2.867,324.0,347.0
1645846955.43,121.15,14.146,1706.0,1714.0,2.872,325.0,348.0
1645846955.53,120.96,14.2,1710.0,1718.0,2.86,323.0,346.0
1645846955.63,120.96,14.171,1706.0,1714.0,2.86,323.0,346.0
1645846955.73,120.96,14.203,1710.0,1718.0,2.857,323.0,346.0
1645846955.83,121.14,14.2,1713.0,1720.0,2.865,324.0,347.0
1645846955.93,120.97,14.21,1711.0,1719.0,2.869,324.0,347.0
1645846956.03,120.99,14.124,1701.0,1709.0,2.863,323.0,346.0
1645846956.13,121.14,14.217,1715.0,1722.0,2.863,324.0,347.0
1645846956.23,120.98,14.192,1709.0,1717.0,2.847,322.0,344.0
1645846956.33,120.98,14.217,1712.0,1720.0,2.853,322.0,345.0
1645846956.43,120.99,14.157,1705.0,1713.0,2.857,322.0,346.0
1645846956.53,121.16,14.2,1713.0,1721.0,2.863,324.0,347.0
1645846956.63,120.98,14.181,1708.0,1716.0,2.853,322.0,345.0
1645846956.73,120.97,14.222,1713.0,1720.0,2.856,323.0,346.0
1645846956.83,120.98,14.188,1709.0,1717.0,2.847,322.0,344.0
1645846956.93,121.16,14.209,1714.0,1722.0,2.859,323.0,346.0
1645846957.03,120.98,14.169,1707.0,1714.0,2.852,322.0,345.0
1645846957.13,120.98,14.243,1715.0,1723.0,2.856,322.0,345.0
1645846957.23,121.0,14.162,1706.0,1714.0,2.848,322.0,345.0
1645846957.33,121.17,14.204,1713.0,1721.0,2.86,324.0,347.0
1645846957.43,121.0,14.153,1705.0,1712.0,2.854,323.0,345.0
1645846957.53,121.0,14.218,1713.0,1720.0,2.867,324.0,347.0
1645846957.63,121.01,14.136,1703.0,1711.0,2.866,324.0,347.0
1645846957.73,121.17,14.214,1715.0,1722.0,2.876,326.0,349.0
1645846957.83,120.99,14.19,1709.0,1717.0,2.871,324.0,347.0
1645846957.93,120.99,14.192,1709.0,1717.0,2.871,325.0,347.0
1645846958.03,120.99,14.177,1708.0,1715.0,2.861,323.0,346.0
1645846958.13,121.17,14.24,1718.0,1725.0,2.876,326.0,348.0
1645846958.23,121.0,14.122,1701.0,1709.0,2.854,322.0,345.0
1645846958.33,121.01,14.207,1712.0,1719.0,2.864,324.0,347.0
1645846958.43,121.01,14.175,1708.0,1715.0,2.859,323.0,346.0
1645846958.53,121.14,14.203,1713.0,1721.0,2.864,325.0,347.0
1645846958.63,121.0,14.161,1706.0,1713.0,2.872,325.0,347.0
1645846958.73,121.0,14.188,1709.0,1717.0,2.871,324.0,347.0
1645846958.83,121.01,14.229,1714.0,1722.0,2.869,324.0,347.0
1645846958.93,121.0,14.293,1722.0,1729.0,2.86,323.0,346.0
1645846959.03,121.18,14.185,1711.0,1719.0,2.867,325.0,347.0
1645846959.13,120.97,14.428,1738.0,1745.0,2.86,323.0,346.0
1645846959.23,121.0,14.248,1716.0,1724.0,2.862,323.0,346.0
1645846959.33,121.0,14.216,1713.0,1720.0,2.854,322.0,345.0
1645846959.43,121.18,14.153,1708.0,1715.0,2.857,323.0,346.0
1645846959.53,120.99,14.207,1711.0,1719.0,2.847,321.0,344.0
1645846959.63,121.0,14.144,1704.0,1711.0,2.848,322.0,345.0
1645846959.73,121.0,14.174,1708.0,1715.0,2.839,321.0,344.0
1645846959.83,121.17,14.211,1714.0,1722.0,2.855,323.0,346.0
1645846959.93,120.98,14.242,1715.0,1723.0,2.843,320.0,344.0
1645846960.03,121.0,14.157,1705.0,1713.0,2.855,322.0,345.0
1645846960.13,121.0,14.201,1711.0,1718.0,2.856,323.0,346.0
1645846960.23,120.99,14.189,1709.0,1717.0,2.852,322.0,345.0
1645846960.33,121.17,14.22,1715.0,1723.0,2.858,324.0,346.0
1645846960.43,120.99,14.165,1706.0,1714.0,2.854,322.0,345.0
1645846960.53,121.0,14.199,1710.0,1718.0,2.856,322.0,346.0
1645846960.63,121.0,14.137,1703.0,1711.0,2.844,321.0,344.0
1645846960.73,121.17,14.215,1715.0,1723.0,2.852,323.0,346.0
1645846960.83,121.0,14.209,1712.0,1719.0,2.842,321.0,344.0
1645846960.93,121.0,14.191,1709.0,1717.0,2.852,322.0,345.0
1645846961.03,120.99,14.159,1705.0,1713.0,2.846,321.0,344.0
1645846961.13,120.99,14.196,1710.0,1718.0,2.85,322.0,345.0
1645846961.23,121.17,14.229,1716.0,1724.0,2.851,322.0,345.0
1645846961.33,121.0,14.212,1712.0,1720.0,2.848,322.0,345.0
1645846961.43,121.01,14.16,1706.0,1714.0,2.846,322.0,344.0
1645846961.53,121.01,14.196,1710.0,1718.0,2.839,320.0,344.0
1645846961.63,121.18,14.207,1714.0,1722.0,2.847,322.0,345.0
1645846961.73,121.01,14.189,1709.0,1717.0,2.846,321.0,344.0
1645846961.83,121.01,14.229,1714.0,1722.0,2.85,322.0,345.0
1645846961.93,121.0,14.18,1708.0,1716.0,2.848,322.0,345.0
1645846962.03,120.99,14.172,1707.0,1715.0,2.838,321.0,343.0
1645846962.13,121.16,14.252,1719.0,1727.0,2.857,323.0,346.0
1645846962.23,121.01,14.132,1702.0,1710.0,2.844,321.0,344.0
1645846962.33,121.01,14.194,1710.0,1718.0,2.85,322.0,345.0
1645846962.43,121.01,14.18,1708.0,1716.0,2.84,321.0,344.0
1645846962.53,121.21,14.237,1718.0,1726.0,2.848,323.0,345.0
1645846962.63,121.03,14.117,1701.0,1709.0,2.841,321.0,344.0
1645846962.73,121.05,14.212,1713.0,1720.0,2.847,321.0,345.0
1645846962.83,121.04,14.219,1713.0,1721.0,2.854,322.0,345.0
1645846962.93,121.06,14.189,1710.0,1718.0,2.842,321.0,344.0
1645846963.03,121.22,14.18,1711.0,1719.0,2.853,323.0,346.0
1645846963.13,121.04,14.216,1713.0,1721.0,2.845,322.0,344.0
1645846963.23,121.06,14.162,1707.0,1714.0,2.848,322.0,345.0
1645846963.33,121.06,14.171,1708.0,1716.0,2.85,322.0,345.0
1645846963.43,121.06,14.179,1709.0,1717.0,2.852,322.0,345.0
1645846963.53,121.23,14.219,1716.0,1724.0,2.856,323.0,346.0
1645846963.63,121.06,14.158,1706.0,1714.0,2.851,322.0,345.0
1645846963.73,121.04,14.162,1707.0,1714.0,2.856,323.0,346.0
1645846963.83,121.04,14.182,1709.0,1717.0,2.854,322.0,345.0
1645846963.93,121.2,14.252,1720.0,1727.0,2.866,324.0,347.0
1645846964.03,121.01,14.23,1714.0,1722.0,2.856,322.0,346.0
1645846964.13,120.99,14.409,1736.0,1743.0,2.859,323.0,346.0
1645846964.23,121.01,14.232,1715.0,1722.0,2.859,323.0,346.0
1645846964.33,121.27,13.687,1619.0,1660.0,2.85,323.0,346.0
1645846964.43,122.05,2.72,294.0,332.0,2.855,325.0,348.0
1645846964.53,122.05,2.75,300.0,336.0,2.862,325.0,349.0
1645846964.63,122.05,2.679,291.0,327.0,2.871,326.0,350.0
1645846964.73,122.04,2.724,296.0,332.0,2.861,325.0,349.0
1645846964.83,122.22,2.746,300.0,336.0,2.862,326.0,350.0
1645846964.93,122.07,2.727,297.0,333.0,2.858,325.0,349.0
1645846965.03,122.07,2.688,292.0,328.0,2.853,324.0,348.0
1645846965.13,122.05,2.73,297.0,333.0,2.86,325.0,349.0
1645846965.23,122.05,2.749,300.0,336.0,2.843,323.0,347.0
1645846965.33,122.24,2.714,296.0,332.0,2.855,325.0,349.0
1645846965.43,122.06,2.708,294.0,331.0,2.852,324.0,348.0
1645846965.53,122.05,2.728,297.0,333.0,2.846,324.0,347.0
1645846965.63,122.04,2.71,294.0,331.0,2.852,324.0,348.0
1645846965.73,122.21,2.721,296.0,332.0,2.854,325.0,349.0
1645846965.83,122.04,2.739,298.0,334.0,2.854,324.0,348.0
1645846965.93,122.04,2.734,298.0,334.0,2.847,324.0,347.0
1645846966.03,122.03,2.716,295.0,331.0,2.853,324.0,348.0
1645846966.13,122.04,2.71,295.0,331.0,2.852,324.0,348.0
1645846966.23,122.21,2.711,295.0,331.0,2.85,324.0,348.0
1645846966.33,122.03,2.735,298.0,334.0,2.852,324.0,348.0
1645846966.43,122.05,2.71,294.0,331.0,2.847,323.0,347.0
1645846966.53,122.05,2.746,299.0,335.0,2.85,324.0,348.0
1645846966.63,122.04,2.71,294.0,331.0,2.847,324.0,347.0
1645846966.73,122.23,2.751,300.0,336.0,2.85,325.0,348.0
1645846966.83,122.06,2.743,299.0,335.0,2.855,324.0,348.0
1645846966.93,122.08,2.723,296.0,332.0,2.859,325.0,349.0
1645846967.03,122.08,2.705,294.0,330.0,2.856,325.0,349.0
1645846967.13,122.08,2.726,296.0,333.0,2.848,324.0,348.0
1645846967.23,122.25,2.694,293.0,329.0,2.846,324.0,348.0
1645846967.33,122.09,2.707,294.0,330.0,2.843,323.0,347.0
1645846967.43,122.1,2.693,292.0,329.0,2.84,322.0,347.0
1645846967.53,122.06,2.737,298.0,334.0,2.841,322.0,347.0
1645846967.63,122.08,2.659,288.0,325.0,2.84,323.0,347.0
1645846967.73,122.24,2.736,298.0,334.0,2.845,324.0,348.0
1645846967.83,122.07,2.716,295.0,332.0,2.842,323.0,347.0
1645846967.93,122.07,2.746,299.0,335.0,2.851,324.0,348.0
1645846968.03,122.08,2.697,293.0,329.0,2.853,324.0,348.0
1645846968.13,122.06,2.721,296.0,332.0,2.848,323.0,348.0
1645846968.23,122.25,2.674,291.0,327.0,2.857,325.0,349.0
1645846968.33,122.07,2.706,294.0,330.0,2.847,324.0,348.0
1645846968.43,122.07,2.733,297.0,334.0,2.841,323.0,347.0
1645846968.53,122.03,2.717,296.0,332.0,2.858,325.0,349.0
1645846968.63,121.98,2.703,293.0,330.0,2.851,324.0,348.0
1645846968.73,122.17,2.741,299.0,335.0,2.856,325.0,349.0
1645846968.83,122.0,2.759,300.0,337.0,2.849,324.0,348.0
1645846968.93,122.01,2.755,300.0,336.0,2.844,323.0,347.0
1645846969.03,122.02,2.685,291.0,328.0,2.849,324.0,348.0
1645846969.13,122.06,2.918,322.0,356.0,2.85,324.0,348.0
1645846969.23,122.22,2.929,323.0,358.0,2.863,326.0,350.0
1645846969.33,122.06,2.787,304.0,340.0,2.855,325.0,348.0
1645846969.43,122.07,2.684,291.0,328.0,2.856,325.0,349.0
1645846969.53,122.06,2.746,299.0,335.0,2.865,326.0,350.0
1645846969.63,122.05,2.712,294.0,331.0,2.863,326.0,349.0
1645846969.73,122.25,2.7,294.0,330.0,2.872,327.0,351.0
1645846969.83,122.07,2.734,297.0,334.0,2.869,326.0,350.0
1645846969.93,122.08,2.777,303.0,339.0,2.867,326.0,350.0
1645846970.03,122.07,2.714,295.0,331.0,2.869,326.0,350.0
1645846970.13,122.26,2.757,301.0,337.0,2.865,327.0,350.0
1645846970.23,122.1,2.729,297.0,333.0,2.863,326.0,350.0
1645846970.33,122.1,2.777,303.0,339.0,2.858,325.0,349.0
1645846970.43,122.09,2.741,298.0,335.0,2.858,325.0,349.0
1645846970.53,122.1,2.719,295.0,332.0,2.856,325.0,349.0
1645846970.63,122.28,2.712,295.0,332.0,2.86,326.0,350.0
1645846970.73,122.1,2.766,302.0,338.0,2.858,325.0,349.0
1645846970.83,122.09,2.783,304.0,340.0,2.857,324.0,349.0
1645846970.93,122.09,2.734,298.0,334.0,2.854,324.0,348.0
1645846971.03,122.1,2.707,294.0,330.0,2.846,323.0,348.0
1645846971.13,122.27,2.733,298.0,334.0,2.854,325.0,349.0
1645846971.23,122.09,2.733,298.0,334.0,2.842,323.0,347.0
1645846971.33,122.1,2.723,296.0,332.0,2.837,322.0,346.0
1645846971.43,122.09,2.733,297.0,334.0,2.845,323.0,347.0
1645846971.53,122.1,2.74,298.0,335.0,2.84,322.0,347.0
1645846971.63,122.28,2.726,297.0,333.0,2.851,325.0,349.0
1645846971.73,122.1,2.759,301.0,337.0,2.85,324.0,348.0
1645846971.83,122.09,2.742,299.0,335.0,2.841,323.0,347.0
1645846971.93,122.09,2.748,299.0,335.0,2.849,324.0,348.0
1645846972.03,122.28,2.73,297.0,334.0,2.838,323.0,347.0
1645846972.13,122.1,2.765,301.0,338.0,2.846,323.0,347.0
1645846972.23,122.1,2.705,294.0,330.0,2.834,322.0,346.0
1645846972.33,122.1,2.752,300.0,336.0,2.849,324.0,348.0
1645846972.43,122.11,2.73,297.0,333.0,2.834,322.0,346.0
1645846972.53,122.29,2.771,303.0,339.0,2.854,325.0,349.0
1645846972.63,122.11,2.688,292.0,328.0,2.845,323.0,347.0
1645846972.73,122.11,2.767,301.0,338.0,2.846,323.0,348.0
1645846972.83,122.1,2.764,301.0,337.0,2.844,323.0,347.0
1645846972.93,122.11,2.76,301.0,337.0,2.838,323.0,346.0
1645846973.03,122.29,2.727,297.0,333.0,2.849,325.0,348.0
1645846973.13,122.11,2.761,301.0,337.0,2.852,324.0,348.0
1645846973.23,122.13,2.742,298.0,335.0,2.849,323.0,348.0
1645846973.34,122.11,2.793,304.0,341.0,2.857,325.0,349.0
1645846973.43,122.3,2.795,304.0,342.0,2.845,324.0,348.0
1645846973.53,122.1,2.819,307.0,344.0,2.847,324.0,348.0
1645846973.63,122.1,2.795,304.0,341.0,2.831,322.0,346.0
1645846973.73,122.1,2.804,305.0,342.0,2.844,323.0,347.0
1645846973.83,122.11,2.828,308.0,345.0,2.84,322.0,347.0
1645846973.93,122.3,2.811,307.0,344.0,2.843,324.0,348.0
1645846974.03,122.12,2.747,298.0,335.0,2.835,322.0,346.0
1645846974.13,122.1,2.973,328.0,363.0,2.836,323.0,346.0
1645846974.23,120.75,17.876,2154.0,2158.0,2.874,324.0,347.0
1645846974.33,120.72,18.023,2171.0,2176.0,2.741,306.0,331.0
1645846974.43,120.85,18.202,2195.0,2200.0,2.394,257.0,289.0
1645846974.54,120.68,18.326,2207.0,2211.0,2.381,256.0,287.0
1645846974.63,120.67,18.42,2218.0,2223.0,2.379,255.0,287.0
1645846974.73,120.67,18.41,2217.0,2221.0,2.375,255.0,287.0
1645846974.83,120.65,18.5,2227.0,2232.0,2.378,256.0,287.0
1645846974.93,120.87,18.437,2224.0,2228.0,2.379,256.0,288.0
1645846975.04,120.69,18.316,2206.0,2211.0,2.381,255.0,287.0
1645846975.13,120.7,18.223,2195.0,2200.0,2.379,255.0,287.0
1645846975.24,120.71,18.114,2182.0,2187.0,2.375,255.0,287.0
1645846975.33,120.89,18.106,2184.0,2189.0,2.376,256.0,287.0
1645846975.43,120.65,18.808,2262.0,2269.0,2.372,254.0,286.0
1645846975.53,120.71,18.255,2198.0,2204.0,2.391,256.0,289.0
1645846975.63,120.67,18.559,2233.0,2240.0,2.376,255.0,287.0
1645846975.74,120.91,17.911,2160.0,2166.0,2.391,257.0,289.0
1645846975.83,120.76,17.705,2133.0,2138.0,2.38,255.0,287.0
1645846975.93,120.74,17.606,2120.0,2126.0,2.385,257.0,288.0
1645846976.03,120.77,17.43,2100.0,2105.0,2.376,256.0,287.0
1645846976.13,120.95,17.383,2097.0,2102.0,2.398,258.0,290.0
1645846976.24,120.81,17.2,2072.0,2078.0,2.384,256.0,288.0
1645846976.33,120.79,17.115,2062.0,2067.0,2.398,258.0,290.0
1645846976.44,120.81,16.963,2044.0,2049.0,2.378,256.0,287.0
1645846976.53,120.83,16.881,2034.0,2040.0,2.388,257.0,289.0
1645846976.63,121.03,16.731,2019.0,2025.0,2.376,256.0,288.0
1645846976.73,120.84,16.712,2014.0,2020.0,2.389,257.0,289.0
1645846976.83,120.86,16.557,1995.0,2001.0,2.379,255.0,287.0
1645846976.94,120.88,16.507,1989.0,1995.0,2.386,257.0,288.0
1645846977.03,121.06,16.374,1976.0,1982.0,2.376,256.0,288.0
1645846977.13,120.88,16.349,1970.0,1976.0,2.379,256.0,288.0
1645846977.23,120.9,16.199,1953.0,1958.0,2.368,255.0,286.0
1645846977.33,120.9,16.116,1942.0,1948.0,2.376,255.0,287.0
1645846977.44,121.08,16.02,1934.0,1940.0,2.374,255.0,287.0
1645846977.53,120.91,15.975,1926.0,1932.0,2.373,255.0,287.0
1645846977.64,120.91,15.789,1903.0,1909.0,2.367,254.0,286.0
1645846977.73,120.93,15.753,1899.0,1905.0,2.372,255.0,287.0
1645846977.83,121.11,15.698,1895.0,1901.0,2.374,256.0,288.0
1645846977.93,120.95,15.609,1882.0,1888.0,2.366,254.0,286.0
1645846978.03,120.96,15.543,1874.0,1880.0,2.351,252.0,284.0
1645846978.14,120.96,15.489,1867.0,1874.0,2.356,253.0,285.0
1645846978.23,121.14,15.458,1866.0,1873.0,2.354,253.0,285.0
1645846978.33,120.96,15.379,1853.0,1860.0,2.352,253.0,285.0
1645846978.43,120.97,15.281,1841.0,1849.0,2.343,252.0,283.0
1645846978.53,120.98,15.273,1840.0,1848.0,2.357,253.0,285.0
1645846978.64,121.16,15.21,1835.0,1843.0,2.349,252.0,285.0
1645846978.73,120.98,15.095,1819.0,1826.0,2.349,252.0,284.0
1645846978.84,120.99,15.104,1820.0,1827.0,2.344,251.0,284.0
1645846978.93,121.17,15.041,1815.0,1822.0,2.364,255.0,286.0
1645846979.03,121.0,14.928,1799.0,1806.0,2.349,252.0,284.0
1645846979.14,120.98,15.131,1823.0,1831.0,2.358,253.0,285.0
1645846979.23,120.99,15.065,1815.0,1823.0,2.343,251.0,283.0
1645846979.34,121.17,14.937,1802.0,1810.0,2.36,254.0,286.0
1645846979.43,121.0,14.897,1795.0,1803.0,2.344,252.0,284.0
1645846979.53,121.01,14.877,1793.0,1800.0,2.356,253.0,285.0
1645846979.63,121.0,14.899,1795.0,1803.0,2.343,252.0,284.0
1645846979.73,121.17,14.872,1795.0,1802.0,2.367,255.0,287.0
1645846979.84,121.01,14.78,1781.0,1788.0,2.351,252.0,284.0
1645846979.93,121.02,14.789,1782.0,1790.0,2.37,255.0,287.0
1645846980.04,121.01,14.747,1777.0,1785.0,2.375,256.0,287.0
1645846980.13,121.18,14.751,1780.0,1787.0,2.397,259.0,290.0
1645846980.23,121.0,14.708,1772.0,1780.0,2.369,255.0,287.0
1645846980.34,121.01,14.75,1777.0,1785.0,2.382,256.0,288.0
1645846980.43,121.01,14.696,1771.0,1778.0,2.363,254.0,286.0
1645846980.54,121.18,14.714,1775.0,1783.0,2.378,256.0,288.0
1645846980.63,120.99,14.713,1773.0,1780.0,2.366,254.0,286.0
1645846980.73,120.99,14.755,1778.0,1785.0,2.381,257.0,288.0
1645846980.83,120.94,15.295,1841.0,1850.0,2.363,255.0,286.0
1645846980.93,121.17,14.766,1782.0,1789.0,2.378,256.0,288.0
1645846981.04,121.01,14.641,1764.0,1772.0,2.371,255.0,287.0
1645846981.13,121.01,14.683,1769.0,1777.0,2.378,256.0,288.0
1645846981.23,121.0,14.678,1768.0,1776.0,2.367,255.0,286.0
1645846981.33,121.76,9.788,958.0,1192.0,2.346,254.0,286.0
1645846981.43,122.01,3.108,347.0,379.0,2.364,256.0,288.0
1645846981.53,122.02,3.15,353.0,384.0,2.378,257.0,290.0
1645846981.63,122.19,3.171,356.0,388.0,2.391,259.0,292.0
1645846981.73,122.01,3.132,351.0,382.0,2.384,258.0,291.0
1645846981.83,122.01,3.166,355.0,386.0,2.387,259.0,291.0
1645846981.93,122.01,3.136,351.0,383.0,2.395,260.0,292.0
1645846982.03,122.18,3.105,347.0,379.0,2.396,260.0,293.0
1645846982.13,122.01,3.187,358.0,389.0,2.396,260.0,292.0
1645846982.24,122.01,3.085,344.0,376.0,2.401,260.0,293.0
1645846982.33,122.02,3.145,352.0,384.0,2.399,260.0,293.0
1645846982.43,122.19,3.148,353.0,385.0,2.407,262.0,294.0
1645846982.53,122.02,3.13,350.0,382.0,2.396,260.0,292.0
1645846982.63,122.02,3.104,347.0,379.0,2.397,260.0,292.0
1645846982.73,122.2,3.141,352.0,384.0,2.4,260.0,293.0
1645846982.83,122.04,3.134,350.0,383.0,2.397,259.0,293.0
1645846982.93,122.04,3.156,354.0,385.0,2.396,260.0,292.0
1645846983.03,121.96,3.097,346.0,378.0,2.38,258.0,290.0
1645846983.13,122.14,3.168,356.0,387.0,2.391,260.0,292.0
1645846983.23,122.03,3.126,349.0,381.0,2.389,259.0,292.0
1645846983.33,122.04,3.13,350.0,382.0,2.398,260.0,293.0
1645846983.44,122.04,3.115,348.0,380.0,2.381,258.0,291.0
1645846983.53,122.22,3.142,352.0,384.0,2.394,260.0,293.0
1645846983.63,122.04,3.116,349.0,380.0,2.373,257.0,290.0
1645846983.73,122.04,3.131,350.0,382.0,2.381,258.0,291.0
1645846983.83,122.03,3.165,355.0,386.0,2.376,257.0,290.0
1645846983.93,122.2,3.233,365.0,395.0,2.398,260.0,293.0
1645846984.03,122.02,3.123,349.0,381.0,2.376,257.0,290.0
1645846984.13,122.03,3.292,372.0,402.0,2.387,259.0,291.0
1645846984.23,122.2,3.27,369.0,400.0,2.375,258.0,290.0
1645846984.33,122.05,3.15,353.0,384.0,2.383,259.0,291.0
1645846984.43,122.05,3.112,348.0,380.0,2.379,258.0,290.0
1645846984.53,122.03,3.191,358.0,389.0,2.387,258.0,291.0
1645846984.63,122.21,3.147,353.0,385.0,2.386,259.0,292.0
1645846984.73,122.05,3.157,354.0,385.0,2.389,259.0,292.0
1645846984.83,122.05,3.163,355.0,386.0,2.377,258.0,290.0
1645846984.93,122.05,3.123,349.0,381.0,2.379,258.0,290.0
1645846985.03,122.22,3.097,347.0,379.0,2.389,259.0,292.0
1645846985.13,122.05,3.118,349.0,381.0,2.383,258.0,291.0
1645846985.23,122.04,3.121,349.0,381.0,2.379,257.0,290.0
1645846985.33,122.05,3.127,350.0,382.0,2.379,258.0,290.0
1645846985.43,122.23,3.093,346.0,378.0,2.378,258.0,291.0
1645846985.53,122.05,3.128,350.0,382.0,2.368,257.0,289.0
1645846985.63,122.03,3.102,347.0,378.0,2.382,258.0,291.0
1645846985.73,122.21,3.134,352.0,383.0,2.387,259.0,292.0
1645846985.83,122.03,3.114,348.0,380.0,2.378,257.0,290.0
1645846985.93,122.04,3.172,356.0,387.0,2.392,259.0,292.0
1645846986.03,122.04,3.106,347.0,379.0,2.375,257.0,290.0
1645846986.13,122.22,3.152,354.0,385.0,2.4,261.0,293.0
1645846986.23,122.05,3.142,352.0,383.0,2.57,287.0,314.0
1645846986.34,122.05,3.15,353.0,384.0,2.794,316.0,341.0
1645846986.43,122.23,3.114,349.0,381.0,2.829,322.0,346.0
1645846986.53,122.06,3.101,347.0,379.0,2.845,323.0,347.0
1645846986.63,122.05,3.134,351.0,383.0,2.831,322.0,346.0
1645846986.73,122.06,3.123,350.0,381.0,2.843,323.0,347.0
1645846986.83,122.23,3.177,358.0,388.0,2.843,324.0,348.0
1645846986.93,122.05,3.142,352.0,384.0,2.845,323.0,347.0
1645846987.03,122.05,3.132,351.0,382.0,2.845,323.0,347.0
1645846987.13,122.23,3.143,353.0,384.0,2.844,324.0,348.0
1645846987.23,122.06,3.116,349.0,380.0,2.832,322.0,346.0
1645846987.33,122.06,3.146,353.0,384.0,2.841,323.0,347.0
1645846987.43,122.07,3.112,348.0,380.0,2.835,322.0,346.0
1645846987.53,122.23,3.139,352.0,384.0,2.849,324.0,348.0
1645846987.63,122.05,3.079,344.0,376.0,2.834,322.0,346.0
1645846987.73,122.02,3.149,353.0,384.0,2.848,324.0,348.0
1645846987.83,122.2,3.129,351.0,382.0,2.837,323.0,347.0
